solutions,pred_0,pred_1,pred_2,pred_3,pred_4,pred_5,pred_6,pred_7,pred_8,pred_9,pred_10,fac_scores
I would just explain to Mike he could loose his girlfriend because he is being selfish in keeping the car that is not benefiting him with school or even during the winter and to give the car up and once he graduates he will even be able to buy himself anoher dream car.,3.1783469,3.1594877,3.1307867,3.0818195,2.8549285,2.3888237,1.9731103,1.5420313,1.2734236,1.0614471,0.9493645,0.334142639
Mike could invest in an SUV from his girlfriends uncle or find a car suitable for his situation.,3.3494802,3.295466,3.213263,3.073014,2.6687548,1.912514,1.2696071,0.8692264,0.654284,0.50250596,0.42962557,-0.757050871
"The best solution for this problem is for Mike to move to a different apartment or closer to campus.  Since the biggest problem is him not being able to get to class on snowy days and not being able to get up the hill, a different living situation would b best.  This way if he and his girlfriend don't work out, he's not stuck at his apartment when it snows.  He could also walk to classes instead of driving.",3.0563474,3.140667,3.2689903,3.4879265,3.7558002,4.0,3.9950507,3.3015916,2.795561,2.37681,2.133273,1.273884762
I could just start riding my bicycle or walking to school when the weather gets bad. I could also just park my car at the bottom of the hill and walk to my house.,1.3548067,1.4018291,1.4733915,1.5954865,1.8029318,2.4386911,3.4606438,3.652874,3.599551,3.393696,3.2729607,0.970981989
Mike should try the uncle first and see if he can use his current car as a trade in to help lower the cost.,3.2897186,3.2301028,3.1393766,2.9845836,2.557971,1.7878245,1.1673156,0.8112547,0.62315327,0.48785338,0.42497182,-0.015974596
"Mike should take the bus, ride a bike, use a skateboard, walk, or use a different form of transportation the majority of the time that way he doesn't have to be a burden to his girlfriend and he doesn't have to give up his dream car, and he doesn't have t pay as much using these other (more affordable) methods.",2.8976605,2.8415556,2.7561712,2.610494,2.2270293,1.6251179,1.2797714,1.0905213,0.97586846,0.8642326,0.81360763,1.409155491
"Next time Mike, do a more thorough search of housing. Sell your dream car, as a dream car you already own and constantly drive this early in life is not a keeper. Go with assured quality and get an SUV from your girlfriends uncle.",3.4250176,3.3961246,3.352154,3.2771344,2.986201,2.3638186,1.7500612,1.2381182,0.9432496,0.7327971,0.6233717,0.620864754
"Explain to the girlfriend that I simply cannot afford to buy the more expensive vehicle and tell her that I can either buy the cheaper option, or she has to continue to drive me back and forth.",2.589454,2.5303645,2.4404385,2.2870119,1.9103845,1.4037039,1.2563765,1.2159436,1.1736754,1.0926914,1.0593128,-0.605599485
Sell car and buy the cheap one,1.9188238,1.8532453,1.7534419,1.5831643,1.2214307,0.9219915,1.2055453,1.4889144,1.6041414,1.5898436,1.5939869,-1.107168106
I will get a friend that is knows enough about cars that will help me decide which SUV to buy.,2.1404445,2.0658834,1.9524108,1.7588116,1.3396925,0.90005445,1.0057771,1.2163975,1.3079462,1.2949504,1.3014375,0.923767527
Mike should explain to his girlfriend and her uncle that he is going with the other car dealership for the SUV because it is cheeper and he just does not have the funds to buy the car for the price her uncle wants.,3.0822494,2.9659598,2.7889814,2.487033,1.807272,0.7489084,0.08758729,0.0,0.0,0.0,0.021162447,0.182691252
Mike should get a new car from his girlfriend's uncle and pay for her gas until the new car arrives.,2.6602566,2.5674422,2.4261906,2.1851952,1.6447488,0.8944105,0.5919954,0.62331516,0.6521535,0.6363078,0.6445637,-1.107168106
Start using public transformation and walking to commute to school.,0.9263889,0.922892,0.9175704,0.9084907,0.9067992,1.3760684,2.5255802,3.067435,3.232959,3.1669788,3.13166,1.273884762
"He should go talk to each different car dealership to see if the other place is actually a cheaper price on the car. He could also try to reduce the price that his girlfriends' uncle is offering him. Then, if he really has the money for the car and is wiling to get rid of his old car he should base his decision on the best all over deal, and buy that one, after talking it over with his girlfriend and explaining his thoughts.",2.1176164,2.0360072,1.9118083,1.6999096,1.2491076,0.7725226,0.871168,1.1138294,1.2281452,1.2317401,1.2485505,0.182691252
If Mike and his girlfriend are serious I would buy it from her uncle because it sounds like it would be a joint venture.  It it was just Mike buyin the car I would take the better deal from the local dealer.,2.9886582,2.93165,2.8448913,2.6968687,2.3029718,1.6614423,1.2519495,1.0242532,0.8927785,0.7758355,0.7224832,0.334142639
Mike needs to make sure he can get the highest resale value for his car and go with a dealership that is both reliable and resonably priced.,2.585365,2.5236802,2.4298043,2.2696395,1.8810523,1.3591648,1.2063229,1.1757329,1.1409419,1.0657247,1.0359616,-0.605599485
"Mike and his girlfriend should buy an SUV from his girlfriend's uncle because while it is more expensive, the quality is being assured which will allow him to get to school.",3.3239167,3.268796,3.184909,3.0417871,2.6340466,1.8801689,1.2509495,0.865557,0.6588092,0.5113738,0.4410622,-0.318877369
"I would go to the cheaper dealership and see if they have a SUV that I am interested in buying. If so, I would take it to my own mechanic and have them look it over and see if there are any concerns that I should be made aware of. Then I would go to my gilfriend's uncle's dealership and do the same thing. I would talk down the price on both SUV's to see how low I can get while still getting a quality vehicle. Lowest price wins my business.",1.6795808,1.6085511,1.5004537,1.3160241,0.94481957,0.699105,1.1263865,1.534924,1.71433,1.7303987,1.7520816,0.772316141
"Mike can try to find someone else to drive him to school. If that doesn't work, he can keep his dream car and possibly ride the bus or take a cab to school. He could also look into renting an apartment without such a steep hill.",3.4526849,3.4829903,3.529111,3.6077993,3.5941088,3.342985,2.8991404,2.1924143,1.7407991,1.4039835,1.2149246,0.923767527
Mike should spend the extra money to make sure he is getting a quality car so he is able to drive everywhere and not depend solely on his girlfriend.,3.0461898,2.9578567,2.8234239,2.594066,2.0485666,1.1837773,0.6357765,0.47845638,0.41475654,0.3589691,0.34464303,-0.167425983
"Mike could ask his girlfriend's uncle to store the sports car and lease him the SUV during the winter. This might be beneficial to both parties, as having a nice sports car on a car lot draws in customers, and Mike would have the use if the SUV throughoutthe winter. He then could return the SUV in the spring and have his dream car back. His girlfriend would be happy he used her uncle, Mike would be able to get to school, and the uncle would have a shoe piece to sit on his lot to draw in customers.",3.4534867,3.4828897,3.5276356,3.6039803,3.5859766,3.3287373,2.8814766,2.1771667,1.7276849,1.3926997,1.2048026,2.213626885
Mike needs to decide if it is better to keep the car of his dreams or to be practical in his decisions and get something more reliable.,2.999244,2.9443502,2.8608098,2.7182777,2.3336346,1.7018048,1.2919183,1.0529166,0.9138254,0.79160786,0.73499703,-0.757050871
MIke should buy the car that is most affordable to him.,2.3252678,2.269311,2.1841526,2.0388598,1.6949247,1.3065516,1.3470844,1.4166943,1.4219642,1.3553165,1.3291805,-1.107168106
I would visit both dealerships and say I am looking for a decently priced SUV because I am a college student and after conversing with both decide which is going to offer the better deal. I would also be honest with the girlfriend and say if the other deaer can provide a better deal that is in line with my budget and price range than I am going to go with the one that is makes more sense economically.,1.927136,1.8439431,1.7173339,1.501322,1.055974,0.6399247,0.8617812,1.1956135,1.3540014,1.3759929,1.403117,-0.605599485
"I would tell Mike to cut down on his expenses and go for the SUV his girlfriend's uncle is assuring is a good quality, rather than cheaper because sometimes it ends up costing more than we intended it to.",3.291003,3.2123826,3.092731,2.888591,2.3722806,1.4791658,0.7972596,0.4991281,0.3592132,0.26367727,0.22592387,-0.302696712
"To reach the desired price of the SUV offered by the uncle, Mike can simply show the price of the other vehicle to the man while explaining the situation.",3.0066783,2.9425378,2.8449247,2.6783826,2.2496326,1.5554436,1.1110992,0.8971984,0.78012127,0.6767127,0.6320341,-0.167425983
Let his girlfriend down nice and easy. Anyone would go with the cheaper car. She will get over it. All he has to say and do is show her how the cheaper car will better his future because of budgeting.,2.0980294,2.0058103,1.865465,1.6260176,1.1265184,0.588827,0.6668694,0.95106786,1.0965515,1.1239519,1.1556653,0.334142639
"Mike could find a different part-time job that pays better and is willing to work around his educational responsibilities.  This way, he can still meet these responsibilities and purchase the SUV from the uncle.  By purchasing the SUV from the uncle, he wll most likely stand less chance of being taken advantage of.  He will have something dependable and probably with a maintainence plan.  Plus, he will relieve some of the stress he has caused his girlfriend, while pleasing her and saving face with her famly.  (Much better than going down the road and driving home with who knows what.)",3.2703376,3.246758,3.210872,3.1496477,2.8942587,2.363565,1.8708754,1.4126546,1.1367487,0.9273941,0.81759953,1.273884762
Mike buys the SUV from his girlfriend's uncle and the uncle agrees to hire Mike to work hours that do not jeopardize his education.,2.8358874,2.8232536,2.8040257,2.7712214,2.5969133,2.2981155,2.1328158,1.8377204,1.6252167,1.4272846,1.3217231,1.863509651
"Assuming that he has the money to actually buy another car without getting another job, Mike should go to his girlfriend's uncle and negotiate the price of the SUV using the other dealership as a price comparison point.  He should also get over his preconeived notions about the ways in which cars are sold.",3.4519718,3.3835382,3.279392,3.1017036,2.6225073,1.7352699,0.97742856,0.575007,0.37528586,0.24564157,0.18744697,0.182691252
Mike should park his car that he already owns at the bottom or top of the hill he lives on and then walk to his house from there.,2.4457698,2.4442108,2.4418375,2.4377894,2.3421643,2.2596326,2.3922815,2.2398288,2.081081,1.8907915,1.7873797,0.485594025
He should explain to his girlfriend that he cannot afford to buy a car from her uncle at this point in time.,2.2087722,2.1294682,2.0087774,1.8028619,1.356744,0.86115927,0.9057692,1.1000364,1.189318,1.1808636,1.1906887,-0.605599485
"Mike can be honest and explain to his girlfriend that her uncle's cars are out of his price range. Although he appreicates his effort in finding him reliable vehicles, he needs to make his decision based off his financial situation. He can simply bring alng a friend or family member to help him analyze each individual car.",3.2363157,3.1628983,3.051165,2.8605344,2.3724644,1.5331951,0.90468127,0.6153083,0.4736205,0.3714999,0.32921046,0.334142639
Do not buy the car and start taking public transportation.,2.1318285,2.1176827,2.0961547,2.0594237,1.9257476,1.87869,2.1826344,2.21116,2.150485,2.0114436,1.9382491,-0.015974596
Buy a lease car from uncle.,2.520879,2.442231,2.3225381,2.1183267,1.6541307,1.0468602,0.8834099,0.93426013,0.9562724,0.92174256,0.9172377,1.425336149
"Mike could just take a bus to school, or try and find a carpool.",2.6680796,2.6606088,2.6492405,2.6298428,2.4912632,2.2880695,2.2522047,2.0172346,1.8268352,1.6313523,1.5261859,-0.167425983
mike can move to a suitiable location that will not interfer with his dream car.,2.951549,2.9377742,2.91681,2.8810432,2.6935093,2.344402,2.0975907,1.7536069,1.5197043,1.3150116,1.205974,0.135476791
Take the bus and/or walk to school if the campus is close enough to his apartment.,1.3295314,1.3480242,1.3761681,1.4241848,1.4988275,1.9600968,2.908199,3.1997166,3.2244446,3.0804348,2.9985921,-0.167425983
"Buy a car from my girlfriends uncle. Even though he may cost more it assures a quality car, and that I won't get ripped off.",2.188015,2.089699,1.9400753,1.6847974,1.1504476,0.5400432,0.5380771,0.800279,0.9423938,0.97546184,1.0113728,-0.757050871
He should investigate and compare warranties between the two automotive sellers and choose the one he thinks is best.,1.3093828,1.226273,1.0997901,0.8839943,0.48094347,0.29485875,0.9329274,1.5463711,1.8343823,1.9050895,1.9587446,0.485594025
"Cut down on my expenses,buy another car for lesser price.",2.0484457,1.946335,1.790936,1.5258036,0.9830284,0.3999983,0.47992316,0.81703776,0.99816227,1.0502356,1.0971947,-0.454148098
Mike tells his girlfriend's uncle that he will buy a car from him if he can match the price of the local car dealer.,2.3733335,2.278215,2.1334546,1.8864763,1.3546263,0.6959951,0.5794316,0.7478355,0.84285235,0.85454875,0.8782325,-0.015974596
Buy the SUV from the local car dealer because it is cheaper and will get you to school. You can get a nicer car with better quality when you're older and have enough income to afford it.,2.5610504,2.5203168,2.4583263,2.3525603,2.064408,1.6865815,1.6168399,1.5327644,1.4496661,1.3324263,1.2759507,-0.605599485
"First, Mike needs to explain to his girlfriend that money is a factor right now, being a college student.  He needs to include his girlfriend in on how much he has to budget for a new vehicle and if he spends more to buy a vehicle from her Uncle, it may nt leave much for him to have to take her places.  He needs to explain that he doesn't want to be married to a vehicle, just to buy it from her Uncle, when he has found the vehicle cheaper at another dealership.  If his girlfriend cannot appreciate what Mie has to say and respect his decision to save money, Mike needs to shop for a new girlfriend to go along with that new vehicle.",3.1120532,3.0464168,2.9465263,2.7761002,2.3331513,1.5901843,1.0701231,0.8130894,0.6776787,0.5690691,0.52182776,1.712058264
Mike most tell his girlfriend about his problem,0.72604924,0.6493278,0.5325674,0.33335817,0.0,0.07173522,1.1229231,1.9809737,2.3752975,2.4787693,2.5491168,-1.107168106
Park his car at the bottom of the hill when it snows and walk to his apartment.,2.1484015,2.2020426,2.2836783,2.4229598,2.6077778,2.9914591,3.5001473,3.3124685,3.0754795,2.792935,2.6292045,0.135476791
Save up money to try to buy an SUV next year and in the meantime take the bus to school.,2.3478336,2.3066587,2.2439957,2.137084,1.8613127,1.5598279,1.6322441,1.6461242,1.6089641,1.5095246,1.4628291,0.334142639
Mike should do what he think is best for him in the situation and not worry about others opinions.,1.2220814,1.1520436,1.0454551,0.8636005,0.5281082,0.45869717,1.1971817,1.8099325,2.0829623,2.1331587,2.1732578,-1.107168106
"Mike needs to reprioritize the car.  If he is able to get a good trade amount, he should look at trading it in and getting a safe, reliable, winter ready vehicle and look at it as an investment of his future.  He can repurchase a newer, fancier sports caronce he has finished his college years.",3.519938,3.5325415,3.5517232,3.5844488,3.4827342,3.0925448,2.5470397,1.864341,1.4437225,1.1387155,0.9702116,0.334142639
Mike should take more time to look at other SUVs and buy from the best price then buy his girlfriend flowers.,2.7132444,2.5923636,2.4083986,2.0945299,1.4181552,0.46724963,0.0397649,0.1334864,0.22274557,0.261579,0.30473843,0.772316141
Go with the best deal with the best quality of car.,1.9157969,1.8307382,1.7012887,1.4804308,1.0270537,0.60318816,0.8267358,1.1714497,1.3369793,1.3637828,1.3938684,-1.107168106
"I am going to ask my girlfriend and other friends if I can pay them to give me rides - just for THIS winter -  on days that are too snowy to drive my car; when my lease expires, I will find a place closer to campus.",2.475666,2.5017788,2.5415194,2.609322,2.6421423,2.726859,2.927512,2.676322,2.440737,2.1900363,2.0486684,1.863509651
Mike should be honest with his girlfriend and tell her he can't afford it.  Ask her uncle to come look at the cheaper SUV that way the uncle still feels valued,3.2589555,3.1717725,3.039091,2.812718,2.25821,1.3218136,0.6342162,0.3769635,0.26561433,0.19057482,0.16554886,-0.757050871
Go with the cheaper deal because money is a crunch and in the long run I don't know if I will be married to this girl or not.,1.0795302,0.99447215,0.86502486,0.64417064,0.24752839,0.13425508,0.9208841,1.6444578,1.9857442,2.0787277,2.144877,-0.318877369
Mike should sell his current car and compare prices with his girlfriend's uncle and his competition.,2.6855452,2.562461,2.375143,2.055553,1.3706689,0.41584882,0.0,0.1130515,0.21375039,0.25939754,0.30667132,-0.605599485
find a new way or get a new car,2.0521576,1.980983,1.8726634,1.6878579,1.2906935,0.90567005,1.0816231,1.3218155,1.4232862,1.4101745,1.4159819,-1.545341608
Sell his current car and purchase a used car for a reasonable price from his girlfriends uncle that can get around in the winter.,2.9966152,2.918654,2.8000064,2.597577,2.1043434,1.3248123,0.84322494,0.6764328,0.5967093,0.5230887,0.4971578,-0.605599485
Mike should sell his car to buy a more practical vehicle from his girlfriend's uncle since the quality of the SUVs are assured.,3.471218,3.386443,3.2574248,3.0373054,2.4797492,1.4800385,0.65718687,0.29635796,0.13425854,0.03737095,0.0,-0.605599485
Mike should keep his dream car but park it at the bottom of the hill if he knows it is going to snow.,3.1822195,3.2035482,3.2360077,3.2913868,3.253717,3.0451863,2.754862,2.198303,1.8264201,1.5298393,1.3643395,-0.015974596
"Mike should buy a car from his girlfreind's uncle, so he knows he is getting good quality, regardless of price.",2.6966486,2.5797894,2.4019434,2.098515,1.442227,0.5234008,0.11989875,0.20875831,0.29125324,0.32296535,0.36151233,-1.545341608
"I would buy the SUV from the uncle so the quality is better and my money will be better spent and it will last me longer, also he might give me a family discount.",2.663465,2.5996509,2.5025346,2.3368402,1.932912,1.3682942,1.1560832,1.0966663,1.0508909,0.97396016,0.94365036,-0.167425983
"Clearly Mike's current car is not suitable for the climate he lives in so he should sell it. Mike could suggest to his girlfriend's uncle that other car dealers are willing to offer him lower prices for similar cars that he is trying to sell to him. If hecan persuade his girlfriend's uncle to lower the price, then he can buy the car from him. If he cannot, then he can take his business to another car dealership that we give him a better deal.",3.6705606,3.6439397,3.6034272,3.534305,3.2374272,2.538495,1.7666422,1.1364639,0.7841968,0.54954684,0.4265213,0.182691252
"Mike could start saving up money, perhaps with the help of his girlfriend, to pay for a second vehicle; one that can make the drive up the hill on a snowy day.",3.093479,3.0579188,3.0037987,2.9114654,2.6115825,2.0693533,1.6575892,1.3163778,1.1081898,0.9379631,0.8516716,0.334142639
"Mike should do more research about both dealerships. If the cheaper one can be proved to be a good quality, then go there. His girlfriend should be supportive of his decisions if he can back them up with evidence.",2.2662568,2.1602263,1.9988621,1.7235523,1.147522,0.45833635,0.37911993,0.62962383,0.7749643,0.8180219,0.86078084,-0.605599485
"Mike needs to talk to his girlfriend and let her know that he would prefer the more budget friendly vehicle, but that he is willing to purchase from her uncle if that is what she really wants. Tell her if she chooses purchasing from her uncle, then his buget will decrease and they will have to spend less money including going out to eat and having date nights. He will have to budget in the new vehicle.",2.908111,2.8121898,2.6662087,2.4171467,1.8452384,0.9828227,0.50362533,0.43222275,0.41689044,0.38794655,0.3896304,0.334142639
"I think if Mike really doens't want to get a new car, he shouldn't and should just take public transportation during the winter.",3.3793092,3.3956645,3.4205563,3.4630249,3.3885393,3.0747623,2.6358957,2.0053563,1.6047286,1.3029796,1.1355692,-0.015974596
Mike should haggle with his girlfriend's uncle.,1.3410898,1.2387745,1.0830629,0.81739885,0.32164222,0.0,0.5555507,1.2137568,1.5440707,1.6525544,1.7302909,0.485594025
"If I were Mike i would eplain to my girlfriend that I dont have money to spend on a car. It would be easier and more affordable to gett the cheaper car If her uncle could find a good car at a reasonable price then that would be fine, bu the fact of the mater is im low on funds and whether her uncle is good with cars or not, i am still low on cash so a cheaper car is the only way to go.",2.849515,2.795322,2.7128477,2.5721347,2.2009506,1.6292441,1.322406,1.1490797,1.0396715,0.9278352,0.8767528,0.182691252
"Mike should just simply sell his vehicle and use the money to buy a cheaper, but more efficient car from his girlfriends uncle who may be able to negotiate some of the prices down since he's his nieces boyfriend",3.1256542,3.031395,2.887945,2.6432004,2.0643716,1.1318794,0.511501,0.33642244,0.2711301,0.2214829,0.2115812,-0.454148098
"I would be honest with my girlfriend and her uncle that I was considering buying the SUV that is the highest quailty and cheapest. Otherwise, I would just walk down the hill to my car each morning and drive the streets that are cleared of snow.",2.332922,2.288149,2.220011,2.1037576,1.812035,1.4928997,1.5638987,1.5956097,1.570757,1.4800438,1.4387586,0.772316141
"One way Mike could keep his car is to try and park the car at the bottom of the hill. This way he would not have to worry about buying a new car for during the winter months, and plus his girlfriend would no longer have to drive him places.",3.3737102,3.375362,3.3778756,3.3821642,3.238731,2.8322618,2.3503325,1.7676004,1.405639,1.1351774,0.9874915,0.334142639
"He should invest in buying an SUV from his girlfriend's uncle, even if that entails taking out a loan. By doing this his girlfriend will be pleased, he will be able to drive to school safely, and in time he can pay off the car loan.",2.2128956,2.1472135,2.0472546,1.87671,1.4945428,1.0852237,1.1704446,1.3209045,1.3745874,1.337233,1.3288296,0.334142639
Mike should talk to both car salesmen and see what they can offer him as far as insurance and payments go and what happens if the car breaks down soon.,2.6077106,2.553963,2.4721649,2.332608,1.9799246,1.50089,1.3582791,1.2931331,1.2334096,1.1397772,1.0985337,0.573650293
"If school is more important, you should buy a different car for now and maybe one day you can get your dream car again.",2.3863301,2.3338253,2.2539198,2.1175902,1.7857867,1.3969828,1.4073932,1.4387136,1.4223491,1.343629,1.3102858,-0.454148098
"Mike should tell his girlfriend that he wants to save money, therefore buying a SUV a another dealer where it is cheaper is best for him.",2.7959664,2.6745777,2.489839,2.1746507,1.4902692,0.5053655,0.020565927,0.07837344,0.15154298,0.18489513,0.2251607,-0.757050871
"If Mike really is not willing to sell his sports car, he could make a deal with his girlfriend's uncle to pay a certain amount for the SUV each month until he is able to pay the full amount.",3.7198474,3.706589,3.6864114,3.6519847,3.414767,2.783649,2.021169,1.3275254,0.9308307,0.66425127,0.5213947,0.725101679
Mike could catch the bus to and from school,1.7973047,1.7899916,1.778862,1.7598746,1.6811092,1.8023304,2.3532796,2.5123222,2.504534,2.3776336,2.309812,-0.015974596
"Mike should either move to another apartment without such a steep hill, or simply fix the traction on his car to make it up the hill.",2.903023,2.9095733,2.9195423,2.9365504,2.8481412,2.6480556,2.498653,2.11408,1.8385543,1.595068,1.4611903,0.422198906
"Mike should try to talk to his girlfriend's uncle and bargain a more reasonable price, or th eprice closer to the other SUV he found",3.083181,2.9882226,2.8437092,2.5971494,2.0179055,1.0966815,0.50267434,0.3489915,0.2944078,0.24958812,0.24244463,-0.605599485
Mike may be able to find a different route to get to his garage.,2.1957574,2.1584294,2.1016207,2.004699,1.7573812,1.5371724,1.7242374,1.7951704,1.7801644,1.6846901,1.6394559,1.273884762
Mike should by the car from his girlfriends uncle because safety should always come first. what use is a car if it breaks down very fast.,2.4513812,2.386338,2.28735,2.118464,1.7231292,1.2293528,1.1560289,1.1964792,1.1984118,1.140844,1.1213098,-0.167425983
"I think Mike should go with the best deal as long as the vehicle is up to snuff. If the girlfriend's uncle's cars are in better shape it would probably be wiser in the long run to go with his, but if they are similar and the others are cheaper, he should xplain his situation to his girlfriend in hopes she'd be understanding of his monetary situation.",3.2451532,3.1862564,3.096622,2.943696,2.523494,1.7745291,1.1863151,0.8482327,0.66766566,0.53438586,0.47247446,0.031239866
"A solution for Mike I believe would be to sell his sports car to get some money and be at good start financially if any problems come down the road with the new car. With that being said, I would think buying a vehcile from the girlfriend's uncle will be est hoping that he will assure Mike with a vehcile. Going to the uncle is a positive since i'm guessing there is a little more trust there than some other random dealer and he would get a deal off of it. Like i said before, selling the sports car will giv Mike extra cash if any problems come down the road with the new vehcile.",3.8431613,3.8522365,3.8660471,3.889611,3.7493298,3.2163532,2.4419746,1.6237077,1.1441543,0.82096934,0.6432017,0.684259873
"Although Mike's girlfriend may be upset he bought an SUV from the other car dealer as opposed to going to her uncle's dealer, he will have saved money in the long-run. He will not have had to jeopardize his education for a new car.",3.3159783,3.260088,3.1750312,3.0299125,2.6190844,1.8631961,1.2368734,0.8574446,0.65432525,0.5091327,0.44018233,-0.406933637
"Mike could convince his girlfriend to go with an SUV that would be cheaper than buying from her uncle, that way he could both afford the SUV and the car that he loves.",3.2388089,3.1456387,3.0038443,2.7619257,2.1805537,1.2130492,0.51994723,0.29025516,0.19840539,0.13752064,0.121296786,-0.757050871
"Start looking for a job that pays well and is flexible with student hours (server, delivery driver, etc.). Schedule things around so that you can work as many hours as possible but still have ample time for studying. Setting aside specific study time is iportant. Start earning and saving money from the new job while also continuing your education. Then, sometime before winter snow hits, buy a vehicle from the uncle that will be dependable using the extra money you've saved from work. At this point, you ca cut back the hours if needed or just adjust to maintain your well-being. I think everyone wins with this plan. It requires some extra upfront work but the end result will be better than settling on something easier/simpler.",1.5818875,1.6579343,1.7736689,1.9711273,2.3000193,3.038507,4.0,4.0,3.8249493,3.5402405,3.3712533,1.273884762
Mike could use public transportation during the winter months.,2.070663,2.0840218,2.1043522,2.1390386,2.1391973,2.2921243,2.7248561,2.6964138,2.5784676,2.3865733,2.2795715,-0.015974596
"Keep your dream car, wait out the winter!",2.4137418,2.437131,2.472727,2.5334578,2.5576384,2.6477997,2.8814745,2.6667225,2.4510965,2.211009,2.0759203,-0.668994604
Explain to the girlfriend that quality is not as important as price due to education and income at this time.,1.2823015,1.2072109,1.0929322,0.8979566,0.5345534,0.4102101,1.0920539,1.693078,1.9663354,2.0223649,2.0665627,-0.605599485
Mike can start looking for another apartment closer to school and or an apartment that is not located on such a steep hill. If he moves he can keep the car that he loves and not put his education in danger by getting another job to pay for a new vehicle.,3.0508344,3.0672653,3.0922697,3.1349325,3.0830824,2.891779,2.6743207,2.192363,1.8605818,1.584672,1.4313287,0.485594025
"Mike should either save up to buy a used car or try another form of transportation, such as a public transit.",3.1275403,3.1086009,3.0797765,3.0306005,2.806777,2.3590212,1.9772614,1.5694484,1.3117237,1.1039369,0.9941523,-0.015974596
"Mike should go with his girlfriend's uncle's SUV because he can trust the quality of the vehicle, or he should move",3.3144312,3.2439725,3.1367435,2.9537976,2.4743826,1.6251745,0.9534913,0.6196171,0.4539665,0.33945528,0.2898758,-0.318877369
Mark should let his girlfriend know about his money situation and make her understand he can't afford to pay too much for a car when he has the opportunity to pay less.,2.0190728,1.9457067,1.8340522,1.6435559,1.2383033,0.8514436,1.0426953,1.3046223,1.418634,1.412737,1.4228752,-0.757050871
Mike should ask his girlfriend if she can take him to school for a little while longer until he can find a new place to live where he an utilize the vehicle he already has.,3.016419,2.9669242,2.8915994,2.7630854,2.4027312,1.7993159,1.3950593,1.1316566,0.975191,0.84029114,0.77578586,0.119296133
Mike should sell his car for his girlfriends uncle's car so he knows he is getting a more reliable form of transportation.,3.2010624,3.1253333,3.0100832,2.8134513,2.316876,1.4758031,0.8636665,0.5973792,0.46899337,0.3745099,0.3368038,-0.605599485
"I think that Mike should buy a really cheap car, from the girlfriends uncle's shop, but also keep the car he has. He can also probably get a loan from the bank that way he doesn't have to jeopardie his education.",3.7926717,3.7724037,3.7415586,3.6889336,3.4137247,2.7103834,1.8765439,1.171488,0.7773589,0.519719,0.38300988,0.772316141
I thin to resolve Mike's problm he should worry about his needs right now. I think he should take the offer from the other car dealer and buy a truck from him instead of his girlfriends uncle. It's a tough situation but nobody supports him financially buthim and if that's the best choice for him right now than he should go for that.,3.4542181,3.4114332,3.3463182,3.2352254,2.8768065,2.1540368,1.4763678,0.9939685,0.7283838,0.5447634,0.4524871,-0.605599485
Mike needs to move!!!,1.7209485,1.6896236,1.6419518,1.5606176,1.3738163,1.3686383,1.8945253,2.1620843,2.231563,2.1610732,2.128361,-0.517543217
I think Mike should go check out both of the cars and compare them for example what will be better in the long run also research the vehicles.,3.080462,3.037406,2.971879,2.8600826,2.5257401,1.9400362,1.5131626,1.2009245,1.0145837,0.86111,0.78531206,-0.757050871
"Save enough money and buy a new car, the girl friend needs to be patient with him.",2.1210358,2.024885,1.8785545,1.6288966,1.1092957,0.53771675,0.58774406,0.87362576,1.0242997,1.0581279,1.0940595,-0.757050871
Mark should trade his car in for an SUV from the cheaper car dealership and not worry about offending his girlfriend or her uncle.,2.5852396,2.4841354,2.3302662,2.0677452,1.4932994,0.71738994,0.43908185,0.5299098,0.59565187,0.60313255,0.62560886,-0.757050871
Mike can talk to his girlfriend's uncle and tell him he found it cheaper and ask him if he is willing to price match.,1.7234805,1.6270381,1.4802657,1.2298516,0.73584926,0.31004322,0.6268265,1.0937134,1.3286844,1.3945854,1.448048,-0.167425983
Find a different apartment that is not located on a steep hill.,0.8694336,0.85649663,0.83680785,0.8032167,0.7608778,1.1904565,2.3482506,2.9449718,3.1465352,3.1048636,3.0845106,0.485594025
Mike could save his money and buy better tires that would give him more traction.,2.702525,2.650027,2.5701325,2.4338222,2.080604,1.5744135,1.3719466,1.2599949,1.1771566,1.0733973,1.0264078,0.725101679
Mike could talk to his girlfriend's uncle and tell him that another dealer has the same car for a lower price and he was wondering if he would sell mike the car for the same price. Maybe that way he could keep his dream car and only drive to SUV in the witer.,3.2894623,3.2305157,3.140808,2.987754,2.5643134,1.7985775,1.1803727,0.8223669,0.6326126,0.49592882,0.43217167,0.182691252
"mike should sell his car, get the cheap SUV that way he has extra money, he gets up the hill and his not jeopardizing his education",3.8364935,3.8243494,3.8058677,3.7743354,3.534459,2.8672018,2.02973,1.27981,0.8557582,0.5776105,0.42824653,-0.757050871
"I think Mike should go in for his girlfriend's Uncle's deal since he will assure the quality of the vehicle. And also because Mike earns very small income, he would not want to get a car which will give him problems.",3.4577694,3.4257295,3.3769696,3.293779,2.9857862,2.3309577,1.6851246,1.1680322,0.87430346,0.66786,0.561192,-0.605599485
"One solution could be that he negotiates with his girlfriends uncle to get the SUV for a more cost effective price beause he is a college student that needs a safe way to and from work/school. This way he pleases his girlfriend and her uncle, while also bing able to keep his sports car and not acquire a second job.",3.1030054,3.0638523,3.004266,2.9026039,2.5851364,2.0162156,1.5865966,1.2521284,1.0510975,0.8876526,0.80571,0.334142639
I think mike should put winter tires on his sports car that gives him enough traction to make it up the hill,3.2211602,3.2812352,3.3726628,3.528649,3.671032,3.6977665,3.5046287,2.81114,2.3322835,1.9513446,1.7328238,0.725101679
"If I was Mike id suggest that he just get the cheaper car, because he does not need to jeopardize school because of car expenses. Also he should explain to his girlfriend that he got a better deal so it has nothing to do with her uncle just its finacncialy better for him if he gets the cheap one.",3.5704725,3.5240784,3.4534721,3.3330088,2.9496903,2.1604872,1.3930486,0.8690907,0.5882729,0.4030214,0.31051293,-0.25548225
Mike could gather whatever money he has and save up until he has enough money for the SUV and ask his girlfriend to support him for a while longer. He can also ask his girlfriend if her uncle would ever be able to reconsider the price of the SUV he is seling.,3.2542088,3.1771674,3.05992,2.8598793,2.3535104,1.4842403,0.83213776,0.54581344,0.40960515,0.31366852,0.27540937,0.334142639
"Explain to Mike's girlfriend that he can't afford a new car, and that instead of buying one or having her continue to drive him around, he is making a commitment to walking on snow days.",3.6226976,3.59784,3.5600119,3.495471,3.2101574,2.5403662,1.8063611,1.1924357,0.8457306,0.6111689,0.48787045,0.135476791
"Mike should sell his car, even though it's his dream car, it's not really doing him any favors in the winter time and he should buy an SUV from his uncle because it will be better quality and probably be able to withstand all the snow and the steep hills ike has to deal with.",4.0,4.0,4.0,4.0,3.80629,3.156576,2.2476919,1.3863077,0.8969293,0.580368,0.40786132,-0.605599485
"Mike needs to look at both of the vehilces from the different sellers and make a financially based decision. If the higher quality vehicle is not overpriced then he should purchase that vehicle because it will save him money in the long wrong, but if the ther vehicle is in a decent condition and lower price he should choose that one because it will save him money.",2.0508463,1.9908174,1.8994606,1.7435938,1.3990713,1.086369,1.2987039,1.505177,1.5785059,1.5421188,1.533214,0.334142639
"Negotiate with the Uncle by bringing up the prices of the other cheaper SUV's to see if he can lower the price of the suggested SUV- if not, then buy from the cheaper dealer.",2.315328,2.248299,2.1462896,1.9722486,1.5767801,1.1207362,1.1326957,1.2408978,1.2764863,1.233851,1.2228152,-0.015974596
In the winter Mike can take local or pubic transportation until he can afford an SUV for the winter.,3.4331305,3.480869,3.5535197,3.6774733,3.7473054,3.6157997,3.2406461,2.4891086,1.9971563,1.6253202,1.4140058,-0.167425983
If mike is not willing to part ways with his vehicle he could finish out the semester catching the city bus and asking his girlfriend for rides only when neccessary. Look into trading out car for something that comes in at a close second and is reliable fr bad weather conditions. and continue his school work and not focus on getting an extra job to pay for something that has an alternative paths,3.6593268,3.6948726,3.7489681,3.8412633,3.8382642,3.5441704,2.97788,2.1614017,1.6529956,1.2888337,1.0839194,0.987162646
"Mike could either decide to buy a cheap used car to get him through until he could buy a better car, or Mike could even decide to take public transportation, regardless of if it's not the most ""ideal"" situation.",2.9987698,2.9631724,2.9089973,2.8165689,2.522938,2.015647,1.6675361,1.3693446,1.1811552,1.0185012,0.9363422,-0.015974596
"A possible solution to Mike's problem is public transportation. Taking a bus, taxi, or subway, etc might be a good alternative during bad weather.",2.605368,2.653065,2.7256553,2.8495018,2.9752953,3.150954,3.333024,2.956621,2.6387446,2.3325036,2.1569412,-0.167425983
Sell the car and ask her uncle to bring the price down.,2.120662,2.0637364,1.9771013,1.8292925,1.4946648,1.1760325,1.3512427,1.5165328,1.5672765,1.5188551,1.5028279,-1.107168106
Ask Mike's girlfriend's uncle if he can match the price of the other vehicles.,3.0315473,2.9597845,2.850572,2.664239,2.197865,1.4453146,0.95995086,0.7582486,0.65537715,0.5659889,0.5303372,-0.454148098
Keep researching around the area and come up with the best price. Ask her uncle if he will match the price if he finds a lower deal somewhere else but if not buy it from the cheaper dealership and try to stay in school.,2.220252,2.1602302,2.0688846,1.9130377,1.5570579,1.1814866,1.2797798,1.409483,1.4471885,1.397379,1.3811588,-0.454148098
"Choose a car that he can afford and that will get him through the winter season, and if his girlfriend breaks up with him because of it, she wasn't the one for him.",2.5395014,2.4915044,2.41846,2.2938354,1.972898,1.5562639,1.4778978,1.4259454,1.3658954,1.265596,1.219674,-0.757050871
"MIke should explain to his girlfriend that he cannot afford the price of her uncles car. However, he is very interested in purchasing one from him. Mike should see if his girlfriend can talk her unlce into price-matching the vehice so that he can get a reiable car at a pricepoint he can afford.",3.6083968,3.5526953,3.4679258,3.3232975,2.8935223,2.0302515,1.2076344,0.6951484,0.4300893,0.261358,0.17954668,-0.406933637
"Mike could talk to his girlfriend about the situation, and he could talk to other friends if they can give him rides if his girlfriend doesnt want to give him rides anymore. If a dealer has cheaper car then he should buy it cheaper as long as someone who nows about cars problems can check if evething is okay with the car such as a friend.",3.3907645,3.3133023,3.1954126,2.9942794,2.476662,1.5539606,0.8085704,0.46167803,0.2978432,0.1919832,0.14839274,0.684259873
Walk to school or take a bus,1.1080699,1.1052114,1.1008613,1.0934397,1.0824329,1.4883434,2.517558,2.9751382,3.1008487,3.0191512,2.975152,-0.015974596
"Decrease social activities to allow for a second job. This will supply the money needed to compensate the girlfriend for the gas she is using on your transportation. Later on, there will be enough money saved up that you can then sell your current car, tak down the price of the SUV for the Uncle AND the other dealer, and afford the car.",2.5005429,2.4769266,2.4409845,2.3796637,2.1763213,1.9312844,1.956801,1.8474413,1.7334195,1.5850636,1.5085169,0.923767527
"Buy the cheaper car, but ask his girlfriend's uncle to take a look at it before purchasing it, explain his financial situation to her uncle.",2.7724092,2.6782832,2.5350344,2.2906342,1.7363933,0.9359488,0.55383885,0.5383887,0.54699934,0.5250307,0.5301876,-0.318877369
Mike can keep his dream car and still get to school by parking his car at the bottom of the hill when it's snowy or going to snow.,3.5461507,3.6067898,3.6990745,3.8565252,3.9795191,3.889185,3.47902,2.6365635,2.087965,1.6801234,1.4468403,-0.015974596
Mike should sell his old car and get a new SUV from his girlfriend's uncle to assure the quality of the vehicle.,3.0459783,2.9515965,2.8079588,2.562895,1.9888915,1.0851964,0.51807237,0.37947083,0.33123705,0.288154,0.2818514,-0.757050871
Buy the SUV from girl friend's uncle.,2.304597,2.2141056,2.07639,1.8414278,1.3360636,0.7327894,0.6772469,0.862543,0.960207,0.96763515,0.98815066,-1.107168106
I would suck it up and sell my car and get a new SUV while taking more online classes and working more so I could afford it.,2.6918414,2.6546268,2.5979924,2.5013647,2.2209308,1.8172117,1.670615,1.5164505,1.3968918,1.2619193,1.1951399,0.27074752
"I would go buy the cheapest suv with my gf uncle. I would use the suv during the winter and not have to bother anyone for a ride anymore, however if i want to keep my sports car i will have to get a parttime job to help with the payments and gas. Being a uv it will take and waste more gas then my car.",3.0718105,3.0704174,3.068298,3.0646813,2.927372,2.6134052,2.3250563,1.8884687,1.5977209,1.3575375,1.2269063,0.031239866
"I would let him keep the car and assist him buying a new vehicle , I understand how hard it would be to sell something that has a lot sentimental value.  But its also important for his to become more independent. Keeping the car in the summer, but  the on that i will help him buy i would mostly use except when it gets really bad in the neighborhood with the snow.",2.7922225,2.8119476,2.8419666,2.893184,2.8744113,2.8003888,2.7675514,2.3926146,2.1067848,1.8444316,1.697876,-0.25548225
Mike could ask his girlfriend's uncle to buy the SUV from the the other dealership and sell it to him at that price or even lower as well as assure the quality of the vehicle.,3.3137927,3.2376034,3.1216521,2.9238238,2.417429,1.5315211,0.84201473,0.52607304,0.37516886,0.27273083,0.23077251,0.573650293
"Make a decision with the significant other about how much of an inconvenience driving you around really is, determine if they understand how much the sports car means to you and your financial state, consider how much that significant other means to you ad your future/happiness, and determine whether the uncle will match the other dealer's price; then, if you must get a new car, choose the dealer that makes the most sense as a result of those prior determinations.",2.1110766,2.0449626,1.9443456,1.7726804,1.3953806,1.0210928,1.1734941,1.3714123,1.4475969,1.4192061,1.4157668,0.3813571
"Sell some old items in the house, haggle the Uncle to a cheaper price, and buy the SUV. If that fails, walk.",1.9039886,1.8420609,1.747814,1.5870163,1.2435019,0.9731028,1.2782727,1.5571243,1.6661605,1.645379,1.6453241,0.573650293
I would tell mike to buy the car from the dealership since it is cheaper since money is already an issue.,2.9311981,2.8749833,2.78943,2.6434665,2.2572057,1.6421263,1.2738469,1.0697433,0.948323,0.8342644,0.78233963,-0.757050871
"Mike should tell his girlfriend's uncle that he found the same car cheaper in another dealer, and ask him if he could match the price.",2.6187932,2.500516,2.320511,2.013401,1.3557066,0.45665395,0.101057194,0.22955519,0.33202878,0.37287715,0.4166613,-0.757050871
Mike should get the SUV from his girlfriends uncle because he is then more likely to help Mike out financially.,2.980794,2.908534,2.7985642,2.6109402,2.1456647,1.4087595,0.95598376,0.77880573,0.6878701,0.6035414,0.5707373,-0.757050871
Mike should keep his dream car and his girlfriend should stop being lame and drive her boyfriend around.,2.4797788,2.4011106,2.281388,2.0771246,1.6156225,1.0234873,0.8876477,0.95717895,0.9878812,0.9566451,0.9539394,0.119296133
"Mike should keep his dream car in my opinion. He may never come across it again. As far as where he should get it, I think he would be better off getting it from his girlfriend's uncle depending on how much cheaper it is. It pays off more in the long run o have something reliable as opposed to being unsure and the car breaking down.",3.0653214,3.0145285,2.9372287,2.8053427,2.4355512,1.8056071,1.3642883,1.0827272,0.9192933,0.7832463,0.71835244,0.182691252
Mike should buy a used SUV that he can afford to pay cash for. The quality doesn't need to be amazing as he only needs it for the snow,3.4933612,3.4838161,3.4692914,3.4445083,3.240166,2.7171004,2.1189477,1.5164777,1.1579149,0.90146905,0.7634589,-0.302696712
Mike should just go with the suv and wait to get money with his degree to get his dream car.,3.2961535,3.2499752,3.179698,3.059795,2.6961007,2.0101697,1.4281232,1.0277785,0.8040659,0.64007074,0.5591071,-0.318877369
Buy the SUV from the girlfriend's uncle because he provides assured quality so he won't have to worry about future problems with the car.,2.5789406,2.49873,2.3766592,2.168389,1.6928846,1.0539778,0.8464563,0.8758133,0.88960725,0.85376054,0.8488226,-0.757050871
Mike trades in his car and gets a reliable vehicle for winter months.,2.8295624,2.8194811,2.8041387,2.7779622,2.6161175,2.3361223,2.1832132,1.8831223,1.6654401,1.4626544,1.3539827,-0.605599485
Mike needs to check to see how much taking a taxi or urber would cost him in a months time because this may be cheaper than buying a SUV from just the winter months.,2.610732,2.5574198,2.476284,2.337857,1.9870209,1.509669,1.3664119,1.298555,1.237088,1.1423028,1.1003523,0.772316141
"I would try to sell, or perhaps trade in the sports car to the local dealer in order to get a better deal. I appreciate what my girlfriends uncle is trying to do for me, but the dealer is a better fit with my current financial situation.",3.152887,3.1551006,3.1584694,3.164217,3.0384092,2.7175746,2.3861198,1.9016999,1.5847169,1.3305533,1.1916465,0.334142639
Trully if I was Mike I would sell my dream car which is useless to me most of the time. I would then buy the cheaper version since I am a college student and with not enough income I cant afford the luxury of buying the same car for a higher price. I woul explain that to the uncle of my girlfriend and hopefuly he can see my point of view.,3.0333934,3.0031173,2.9570403,2.878429,2.6075387,2.1216855,1.7672107,1.4369504,1.2279162,1.05136,0.9606572,0.532808487
Mike can compare the SUVs from both salesmen to decide which SUV to buy to help him get to school while being the most economically smart.,2.6560519,2.5893514,2.4878414,2.3146517,1.8976176,1.3171473,1.1007342,1.0535637,1.0167053,0.9464163,0.92025113,-0.454148098
Mikes should buy the SUV from his girlfriend's uncle because it's guaranteed to be good quality.,2.6750793,2.605634,2.4999468,2.3196306,1.8883655,1.2831388,1.0451721,0.99783087,0.9639711,0.8979334,0.87458473,-0.757050871
"Mike should go for the cheaper price of the SUV because as a college student, there is not enough more to spend.",2.7893472,2.7196994,2.6137037,2.4328604,1.9928863,1.3439143,1.0283622,0.9298766,0.8725195,0.7978636,0.7698557,-0.757050871
Take the bus or a shuttle to class,1.3673508,1.39121,1.4275211,1.4894726,1.586851,2.0686631,3.0083919,3.2662537,3.269352,3.1110911,3.0205073,-0.167425983
"First Mike should see if there is another location nearby that he could park or see if there are any apartments available for the same price that is not on a steep hill. If not, Mike could go talk to his girlfriend's uncle and try to negotiate and match te price that the local car dealer is offering. IF that doesn't work, then he should either walk to a bus stop or buy a vehicle he can afford from the local car dealer.",3.3781736,3.3718045,3.3621106,3.345573,3.164016,2.704193,2.193712,1.6336517,1.2912017,1.0372125,0.89996254,1.122433375
"If he plans on going ahead and getting the more reliable car, he should see if he can have the uncle somehow match the price to that of the local car dealer.",2.7632782,2.6954656,2.592263,2.416185,1.9866327,1.3591712,1.0670183,0.9746926,0.9181344,0.8416924,0.81237686,-0.015974596
"Instead of buying a new car/SUV, put better traction tires on the sports car.",2.2082398,2.2237706,2.2474046,2.2877297,2.288792,2.4046218,2.7516308,2.654179,2.5017817,2.2944443,2.178632,0.725101679
Mike should just go for the cheaper car. If he can get the same SUV for cheaper then he should go for it. He needs to think about his money situation and not care so much about when his girlfriends uncle with think.,3.046335,2.9522426,2.8090465,2.5647342,1.9920738,1.0901135,0.52367395,0.3840172,0.3349694,0.29125014,0.28454846,-0.757050871
Mike should check out all available vehicles to determine which place he will go to buy an SUV.,2.5861168,2.5077448,2.3884714,2.1849754,1.7176533,1.0879297,0.88143164,0.90187746,0.9094769,0.8692051,0.86152184,-0.318877369
"Mike can sell his car and come up with a budget on how much of a car he can afford. If he can afford it, he should get the car from his girlfriend's uncle because cheaper cars aren't always better quality-although if he cannot afford it then he should eiter save his money and his girlfriend can keep driving him until he has enough, or just buy the cheaper car because that is what he can afford.",3.2499332,3.1716335,3.0524714,2.8491645,2.3371525,1.4613602,0.80813044,0.52761585,0.39551485,0.30255616,0.26614815,0.923767527
Talk to his girlfriend's uncle and see if there could be some kind of deal he could make with him so that he won't be tight on money.,1.7146266,1.6307985,1.5032233,1.2855633,0.8516377,0.51042104,0.8733438,1.3054051,1.5100751,1.5502169,1.5873466,-0.302696712
"Mike should talk to his girlfriend's uncle about lowering the price, if not he should look elsewhere and have it checked out before he buys it.",2.4418256,2.3462372,2.2007632,1.9525666,1.4138563,0.72676367,0.56258816,0.7014058,0.7832251,0.7904852,0.8118371,-0.454148098
"I would definitely look carefully at his income and see what he is earning will allow him to buy from my uncle, and if he doesn't have enough money I would support him on his decision whether or not it means buying from my uncle. If he decided to I'd coul certainly assist him financially if needed. I would not force him either into selling his original car since it has sentimental value.",2.6062105,2.612522,2.6221256,2.638513,2.569111,2.4777174,2.5274029,2.2780344,2.0655003,1.846006,1.7252463,0.334142639
"Mike could tell his girlfriend that while he appreciates her help with wanting to find him a new SUV, he does not have the money right now and actually enjoys his care.  He would be okay with finding alternative forms of transportation so his girlfriend desn't become bothered.",3.158594,3.1022232,3.016435,2.8700678,2.4676476,1.7671157,1.2452297,0.93858325,0.76976776,0.6380389,0.5765128,-0.318877369
Explore all options and make a pros and cons list. Weigh your options and go from there.,0.75098944,0.7004922,0.6236425,0.49252567,0.2811255,0.51261735,1.6305366,2.396551,2.7187703,2.76526,2.7997835,-0.318877369
"If Mike is determined to keep his car, he needs to find another apartment that is not on a hill.",2.6792488,2.6701164,2.656218,2.6325054,2.4853344,2.2672808,2.2186015,1.9836892,1.7951785,1.602298,1.4988514,-0.015974596
"FIrst, I would see if getting winter tires would help the sports car get up the hill. By doing this, some research will be done. If getting winter tires is not the best route, Mike will need to check the quality of all of the SUVs. The girlfriend's uncle ay have the best quality, but he won't know unless he finds out. If it turns out the vehicles are similar in quanity, Mike will need to talk to his girlfriend's uncle and tell him he has found the same vehicles for a lower price. The uncle should be undertanding since he is a student with small income. It is in the better interest for Mike to get a good quality, cheap vehicle that has good traction to get up the hill.",3.5831668,3.6423793,3.7324939,3.8862414,4.0,3.8867264,3.4470954,2.5922582,2.039517,1.6317376,1.3987479,1.273884762
Mike could walk to the bus stop.,1.4941516,1.4683791,1.4291565,1.3622383,1.2170011,1.3318398,2.0281165,2.3813305,2.4843194,2.4201322,2.389844,-0.015974596
"Mike should purchase the SUV from his girlfriend's uncle because that will ensure the quality of the vehicle so he most likely won't run into a money pit situation. Also, by taking this course of action, Mike's girlfriend and her uncle are pleased and he as an SUV; which solves his problem driving in the snow.",3.6569996,3.6360753,3.60423,3.5498989,3.2807984,2.6236126,1.8790311,1.2374622,0.8735218,0.6279971,0.4980092,-0.25548225
"Mike should buy an SUV from the dealer, because you never mix family and business, and work to slowly pay off the car.",2.8613698,2.793362,2.6898625,2.513279,2.0761533,1.4110041,1.0521824,0.91601884,0.8393412,0.75554526,0.7222575,-0.015974596
"Since he has had this car for six years, and is a student with a low income, to keep both my girlfriend and I happy, I will sell my car and buy a more reasonable and appropriate vehicle that would work for all the season changes.",2.7482054,2.7439485,2.7374701,2.7264168,2.597555,2.3853142,2.305733,2.0245688,1.8091357,1.6005712,1.4876909,-0.605599485
I would go and talk to the Uncle and have him look at the other dealer's cars without me to inspect the quality of them. And if they are of lower quality I would buy from the Uncle because he will back my purchase from him. However if they are better carsfor cheaper money than I would explain to the uncle that I'm a broke college kid and this is only a winter car and the price point is more important that the family loyalty. If he truly cars about me as a person (and if my girlfriend really loves me) theywill understand my dilemma and my decision.,2.1591945,2.1164927,2.0515053,1.9406292,1.6704553,1.4291873,1.623756,1.727799,1.7341784,1.6528711,1.6163341,1.122433375
Get a loan,0.0,0.0,0.0,0.0,0.07763898,0.9135009,2.69791,3.648692,4.0,4.0,4.0,0.923767527
Buy the SUV from his girlfriend's uncle and ask him for some type of payment arrangement,2.4795103,2.3911886,2.256774,2.0274458,1.5204425,0.8661907,0.69978493,0.79915845,0.8545297,0.84356415,0.85366184,-0.015974596
"As Mike is the one who is going to pay for this vehicle and drive it, he should do his own research into what kind of car and quality of car he is looking for. He should be free to make his own decision based on his own findings rather than feel the need o please his girlfriend or his girlfriend's uncle.",3.173554,3.1109622,3.0157046,2.8531835,2.4204164,1.674228,1.122455,0.82818615,0.6720877,0.55222493,0.4982977,0.334142639
I would explain to my girlfriend that because of my financial situation I cannot buy the car from her uncle,2.1031468,2.0424473,1.9500709,1.7924635,1.4412322,1.104786,1.2797714,1.4646133,1.5286599,1.4895389,1.479267,-0.757050871
"Mike could talk to his gf's uncle and say that if he does not lower in price, he cannot get the SUV from him.  He then could get the SUV from the other dealer inspected to show it is also of quality",2.6059895,2.5247297,2.401063,2.1900706,1.7077867,1.0520753,0.8230007,0.84333193,0.8541151,0.81832737,0.81361264,-0.454148098
"I should talk to others about ride sharing. If this is not available, then I would discuss costs of the vehicle with my girlfriend's uncle. If he is unwilling to come down on costs, then I will have to purchase from the other dealership.",2.4832947,2.4570994,2.4172332,2.349215,2.1348827,1.8796299,1.908547,1.814941,1.7111197,1.5695384,1.4971527,0.135476791
"Mike should weigh the pros and cons of having to sell his car first, as well as decide which dealer has the better vehicle to buy with not having to have as much maintenance work, because the cost of needing it could be expensive.  After figuring those stps out, he should discuss his plans and decisions with his girlfriend to obtain her input and make sure that she would be ok with his decision.",3.0099294,2.9375436,2.8273814,2.6394289,2.171582,1.4230409,0.95024633,0.76025677,0.6635193,0.5771504,0.54325694,0.334142639
"Mike should first evaluate his car and financial situation. It seems that he does not have a reliable vehicle to get him to school or work during the winter. If he decides that the sentimental value of his dream car is not worth risking his life or interrpting his and his girlfriend's life to find a ride, he should sell it or trade it in for a new vehicle. Then, he should discuss with his girlfriend that this is a big decision to make and that he needs to consider all aspects of her uncle's vehicles and te other dealership's. Mike should then take a friend or family member who has a decent understanding  about cars, so that they can help him compare which cars are worth putting his money and life towards.",3.7150476,3.7491326,3.8010044,3.8895066,3.8758395,3.551634,2.9431713,2.105948,1.5895563,1.2240491,1.0186676,0.684259873
